1,Circle,CenterX,490.064,CenterY,36.3991,Radius,75.7771
2,Equilateral Triangle,CenterX,225.015,CenterY,265.596,Side Length,92.0719,Orienation,1.87115
3,Equilateral Triangle,CenterX,130.116,CenterY,252.153,Side Length,47.7961,Orienation,6.21924
4,Polygon,X0,346.746,Y0,51.165,X1,413.75,Y1,208.36,X2,309.926,Y2,280.286,X3,34.4096,Y3,297.813,X4,346.746,Y4,51.165
5,Equilateral Triangle,CenterX,431.063,CenterY,37.5185,Side Length,20.178,Orienation,0.825963
6,Square,CenterX,174.317,CenterY,270.922,Side Length,1.65259,Orienation,3.22175
7,Ellipse,CenterX,161.34,CenterY,140.239,R1,6.58786,R2,20.9523,Orienation,2.44081
8,Circle,CenterX,254.134,CenterY,439.289,Radius,82.3711
9,Ellipse,CenterX,179.439,CenterY,462.482,R1,37.3241,R2,6.10191,Orienation,2.8185
10,Square,CenterX,7.70121,CenterY,111.92,Side Length,19.3389,Orienation,2.89026
11,Square,CenterX,243.771,CenterY,37.9366,Side Length,64.061,Orienation,4.85513
12,Equilateral Triangle,CenterX,86.8139,CenterY,278.335,Side Length,25.9568,Orienation,5.12174
13,Circle,CenterX,43.9437,CenterY,199.019,Radius,64.8755
14,Circle,CenterX,476.976,CenterY,341.994,Radius,97.439
15,Equilateral Triangle,CenterX,278.503,CenterY,122.108,Side Length,71.6882,Orienation,1.10695
16,Circle,CenterX,8.91554,CenterY,7.6538,Radius,29.1824
17,Equilateral Triangle,CenterX,346.59,CenterY,403.456,Side Length,65.9993,Orienation,1.36396
18,Equilateral Triangle,CenterX,205.133,CenterY,162.349,Side Length,42.6996,Orienation,5.94366
19,Polygon,X0,216.812,Y0,15.7871,X1,470.948,Y1,42.8918,X2,477.327,Y2,263.825,X3,187.539,Y3,429.131,X4,21.7573,Y4,485.907,X5,71.2686,Y5,33.2874,X6,216.812,Y6,15.7871
20,Polygon,X0,82.5802,Y0,23.7743,X1,224.768,Y1,27.4146,X2,432.694,Y2,163.544,X3,418.203,Y3,454.845,X4,163.868,Y4,422.355,X5,64.0237,Y5,112.866,X6,82.5802,Y6,23.7743
21,Polygon,X0,458.165,Y0,44.7399,X1,474.716,Y1,187.747,X2,353.942,Y2,416.286,X3,170.07,Y3,455.787,X4,151.173,Y4,443.717,X5,134.283,Y5,222.852,X6,163.889,Y6,78.7795,X7,458.165,Y7,44.7399
22,Square,CenterX,75.5525,CenterY,458.609,Side Length,65.1208,Orienation,3.31857
23,Equilateral Triangle,CenterX,180.233,CenterY,275.584,Side Length,19.2635,Orienation,1.96671
24,Polygon,X0,170.379,Y0,36.4287,X1,485.334,Y1,50.1556,X2,424.723,Y2,393.274,X3,56.6635,Y3,477.672,X4,43.1985,Y4,391.629,X5,47.4816,Y5,43.7644,X6,170.379,Y6,36.4287
25,Polygon,X0,341.37,Y0,30.8852,X1,392.367,Y1,51.2942,X2,440.548,Y2,135.615,X3,483.713,Y3,469.425,X4,453.643,Y4,492.148,X5,175.031,Y5,471.164,X6,25.1944,Y6,270.71,X7,54.3812,Y7,114.282,X8,82.6794,Y8,62.4275,X9,341.37,Y9,30.8852
26,Circle,CenterX,302.63,CenterY,181.149,Radius,26.2461
27,Equilateral Triangle,CenterX,206.127,CenterY,22.5172,Side Length,80.9384,Orienation,0.629217
28,Equilateral Triangle,CenterX,375.935,CenterY,390.839,Side Length,95.0414,Orienation,0.209316
29,Square,CenterX,310.741,CenterY,291.759,Side Length,94.9154,Orienation,0.281193
30,Ellipse,CenterX,358.856,CenterY,86.1241,R1,10.0164,R2,6.58528,Orienation,3.79272
31,Polygon,X0,114.35,Y0,63.4054,X1,492.819,Y1,68.6213,X2,476.957,Y2,265.917,X3,330.821,Y3,429.88,X4,137.971,Y4,338.455,X5,74.0008,Y5,251.873,X6,60.909,Y6,157.256,X7,114.35,Y7,63.4054
32,Polygon,X0,131.916,Y0,86.3563,X1,386.668,Y1,90.0948,X2,456.163,Y2,123.173,X3,475.24,Y3,442.393,X4,155.702,Y4,455.164,X5,33.5718,Y5,391.522,X6,131.916,Y6,86.3563
33,Ellipse,CenterX,205.762,CenterY,381.666,R1,32.8325,R2,26.2991,Orienation,5.87101
34,Ellipse,CenterX,210.564,CenterY,371.34,R1,25.8827,R2,46.3943,Orienation,3.49792
35,Polygon,X0,112.943,Y0,8.05583,X1,457.345,Y1,22.4222,X2,468.977,Y2,105.895,X3,487.151,Y3,340.179,X4,400.918,Y4,401.082,X5,231.63,Y5,416.975,X6,195.507,Y6,420.365,X7,69.0061,Y7,405.436,X8,112.943,Y8,8.05583
36,Equilateral Triangle,CenterX,351.629,CenterY,176.996,Side Length,83.0748,Orienation,0.0283357
37,Square,CenterX,260.728,CenterY,331.754,Side Length,48.3418,Orienation,1.6038
38,Ellipse,CenterX,365.48,CenterY,62.8667,R1,44.1525,R2,16.9445,Orienation,2.7462
39,Polygon,X0,41.1905,Y0,64.9796,X1,296.432,Y1,87.6916,X2,451.053,Y2,261.125,X3,455.39,Y3,491.14,X4,98.5946,Y4,427.146,X5,26.0501,Y5,250.545,X6,41.1905,Y6,64.9796
40,Polygon,X0,316.594,Y0,54.8595,X1,470.442,Y1,139.597,X2,496.625,Y2,272.324,X3,486.884,Y3,420.464,X4,151.898,Y4,415.814,X5,21.6601,Y5,397.735,X6,23.885,Y6,176.469,X7,62.0294,Y7,94.2193,X8,316.594,Y8,54.8595
41,Equilateral Triangle,CenterX,227.11,CenterY,338.224,Side Length,52.4899,Orienation,4.87899
42,Equilateral Triangle,CenterX,267.253,CenterY,398.188,Side Length,92.5135,Orienation,4.58459
43,Ellipse,CenterX,370.994,CenterY,40.8185,R1,31.1962,R2,12.4517,Orienation,6.07558
44,Equilateral Triangle,CenterX,483.403,CenterY,398.981,Side Length,0.298289,Orienation,4.98425
45,Circle,CenterX,143.116,CenterY,322.336,Radius,95.7558
46,Equilateral Triangle,CenterX,68.1728,CenterY,157.98,Side Length,78.2618,Orienation,1.90483
47,Circle,CenterX,283.424,CenterY,456.875,Radius,66.9254
48,Polygon,X0,81.9841,Y0,71.5147,X1,445.061,Y1,130.094,X2,393.228,Y2,330.937,X3,242.653,Y3,410.561,X4,78.4732,Y4,435.554,X5,81.9841,Y5,71.5147
49,Polygon,X0,18.4643,Y0,3.75039,X1,229.853,Y1,6.22673,X2,432.503,Y2,190.879,X3,49.4958,Y3,493.953,X4,18.4643,Y4,3.75039
50,Ellipse,CenterX,247.938,CenterY,27.6851,R1,27.0533,R2,13.3331,Orienation,1.59708
51,Square,CenterX,380.745,CenterY,211.543,Side Length,64.0125,Orienation,6.28196
52,Ellipse,CenterX,431.636,CenterY,431.574,R1,8.41705,R2,42.8063,Orienation,5.22424
53,Circle,CenterX,338.602,CenterY,449.992,Radius,4.70509
54,Equilateral Triangle,CenterX,33.3188,CenterY,363.087,Side Length,26.1077,Orienation,1.48882
55,Equilateral Triangle,CenterX,37.3402,CenterY,160.616,Side Length,91.2258,Orienation,3.56542
56,Ellipse,CenterX,321.473,CenterY,24.3775,R1,30.8457,R2,31.2066,Orienation,4.01814
57,Equilateral Triangle,CenterX,84.0361,CenterY,66.3385,Side Length,88.9335,Orienation,1.48778
58,Square,CenterX,152.693,CenterY,170.563,Side Length,6.14318,Orienation,1.56153
59,Equilateral Triangle,CenterX,397.923,CenterY,358.925,Side Length,89.3504,Orienation,1.64185
60,Square,CenterX,435.522,CenterY,281.959,Side Length,72.5109,Orienation,4.7596
61,Square,CenterX,39.5675,CenterY,463.252,Side Length,54.0129,Orienation,0.678924
62,Equilateral Triangle,CenterX,354.522,CenterY,188.041,Side Length,35.7704,Orienation,4.27696
63,Equilateral Triangle,CenterX,281.71,CenterY,271.288,Side Length,84.4232,Orienation,2.79448
64,Polygon,X0,76.4367,Y0,17.5307,X1,446.805,Y1,187.116,X2,380.085,Y2,344.573,X3,85.6238,Y3,406.277,X4,40.2407,Y4,330.134,X5,60.5678,Y5,80.9948,X6,76.4367,Y6,17.5307
65,Circle,CenterX,291.881,CenterY,206.893,Radius,2.79884
66,Circle,CenterX,121.205,CenterY,4.85909,Radius,55.2492
67,Circle,CenterX,285.85,CenterY,403.815,Radius,41.8606
68,Square,CenterX,15.0482,CenterY,169.104,Side Length,44.506,Orienation,1.13589
69,Ellipse,CenterX,130.964,CenterY,237.777,R1,18.1481,R2,47.0187,Orienation,4.38894
70,Ellipse,CenterX,92.9278,CenterY,446.848,R1,43.7794,R2,3.16166,Orienation,2.12093
71,Ellipse,CenterX,164.977,CenterY,200.057,R1,5.44815,R2,33.754,Orienation,0.966403
72,Ellipse,CenterX,1.7139,CenterY,383.353,R1,43.9611,R2,14.3565,Orienation,0.140006
73,Circle,CenterX,321.122,CenterY,377.709,Radius,82.0829
74,Equilateral Triangle,CenterX,377.123,CenterY,237.303,Side Length,57.3335,Orienation,5.66528
75,Equilateral Triangle,CenterX,323.976,CenterY,290.66,Side Length,34.7858,Orienation,3.64065
76,Equilateral Triangle,CenterX,235.214,CenterY,482.131,Side Length,73.5631,Orienation,4.95246
77,Square,CenterX,484.783,CenterY,217.52,Side Length,56.0552,Orienation,4.19204
78,Circle,CenterX,491.723,CenterY,330.057,Radius,8.53517
79,Circle,CenterX,450.162,CenterY,378.538,Radius,37.826
80,Circle,CenterX,380.696,CenterY,391.393,Radius,85.2733
81,Square,CenterX,393.994,CenterY,260.077,Side Length,71.5598,Orienation,2.88154
82,Polygon,X0,203.35,Y0,10.3975,X1,475.471,Y1,15.1219,X2,458.955,Y2,353.766,X3,414.462,Y3,429.034,X4,346.124,Y4,461.613,X5,286.524,Y5,463.407,X6,86.5094,Y6,436.975,X7,59.5384,Y7,242.856,X8,203.35,Y8,10.3975
83,Equilateral Triangle,CenterX,169.95,CenterY,204.524,Side Length,82.8253,Orienation,1.92188
84,Circle,CenterX,173.793,CenterY,249.341,Radius,30.7994
85,Square,CenterX,335.719,CenterY,90.0439,Side Length,7.28982,Orienation,5.99132
86,Polygon,X0,11.4242,Y0,41.7695,X1,100.802,Y1,44.3683,X2,334.112,Y2,158.905,X3,497.381,Y3,249,X4,471.968,Y4,374.459,X5,325.67,Y5,447.235,X6,178.501,Y6,493.781,X7,152.342,Y7,434.09,X8,22.9856,Y8,83.8011,X9,11.4242,Y9,41.7695
87,Equilateral Triangle,CenterX,354.108,CenterY,101.936,Side Length,5.71088,Orienation,3.77637
88,Equilateral Triangle,CenterX,431.005,CenterY,365.301,Side Length,52.89,Orienation,0.902048
89,Equilateral Triangle,CenterX,386.068,CenterY,319.077,Side Length,52.7802,Orienation,6.00486
90,Polygon,X0,291.356,Y0,76.0924,X1,369.005,Y1,88.8647,X2,488.989,Y2,303.871,X3,493.091,Y3,409.766,X4,231.151,Y4,463.979,X5,34.4242,Y5,484.326,X6,7.09501,Y6,287.242,X7,122.493,Y7,111.109,X8,291.356,Y8,76.0924
91,Ellipse,CenterX,363.458,CenterY,364.548,R1,41.9487,R2,40.8345,Orienation,6.02376
92,Polygon,X0,381.113,Y0,13.3588,X1,245.449,Y1,302.492,X2,150.669,Y2,334.177,X3,381.113,Y3,13.3588
93,Ellipse,CenterX,151.442,CenterY,424.782,R1,39.5999,R2,41.7205,Orienation,1.15964
94,Ellipse,CenterX,29.4836,CenterY,160.908,R1,4.3567,R2,13.4657,Orienation,5.5517
95,Polygon,X0,58.5566,Y0,22.2934,X1,416.709,Y1,95.193,X2,347.003,Y2,367.167,X3,121.256,Y3,419.975,X4,20.0499,Y4,431.092,X5,58.5566,Y5,22.2934
96,Circle,CenterX,449.61,CenterY,47.6615,Radius,48.8027
97,Circle,CenterX,90.7461,CenterY,137.382,Radius,78.5229
98,Ellipse,CenterX,274.12,CenterY,245.758,R1,27.4091,R2,17.5918,Orienation,2.32472
99,Equilateral Triangle,CenterX,98.1598,CenterY,354.26,Side Length,11.9782,Orienation,4.86021
100,Polygon,X0,2.63074,Y0,176.025,X1,261.332,Y1,385.894,X2,72.1163,Y2,257.641,X3,2.63074,Y3,176.025
101,Ellipse,CenterX,129.761,CenterY,447.159,R1,42.8843,R2,2.05032,Orienation,5.47193
102,Ellipse,CenterX,336.322,CenterY,443.719,R1,36.4711,R2,40.4949,Orienation,6.15881
103,Square,CenterX,380.389,CenterY,140.511,Side Length,34.7481,Orienation,2.19901
104,Circle,CenterX,13.1969,CenterY,443.886,Radius,33.6564
105,Circle,CenterX,5.58063,CenterY,328.627,Radius,29.0085
106,Ellipse,CenterX,378.127,CenterY,488.436,R1,20.3304,R2,20.4713,Orienation,4.02958
107,Ellipse,CenterX,37.5477,CenterY,183.337,R1,35.8528,R2,39.627,Orienation,2.82627
108,Ellipse,CenterX,218.073,CenterY,3.85812,R1,37.8465,R2,25.2485,Orienation,0.705327
109,Equilateral Triangle,CenterX,144.306,CenterY,263.396,Side Length,20.4041,Orienation,0.728645
110,Equilateral Triangle,CenterX,180.195,CenterY,9.57489,Side Length,74.6806,Orienation,2.74135
111,Ellipse,CenterX,176.031,CenterY,488.244,R1,45.842,R2,46.525,Orienation,1.65022
112,Equilateral Triangle,CenterX,454.5,CenterY,85.1274,Side Length,41.2491,Orienation,1.02056
113,Circle,CenterX,464.461,CenterY,243.647,Radius,62.8575
114,Circle,CenterX,438.743,CenterY,259.912,Radius,3.32251
115,Ellipse,CenterX,496.599,CenterY,402.559,R1,38.1872,R2,44.7598,Orienation,2.90925
116,Ellipse,CenterX,157.682,CenterY,106.027,R1,42.1185,R2,4.6422,Orienation,3.54412
117,Polygon,X0,347.678,Y0,74.8719,X1,419.516,Y1,298.978,X2,399.607,Y2,399.16,X3,297.865,Y3,431.697,X4,162.523,Y4,324.397,X5,86.4844,Y5,215.091,X6,347.678,Y6,74.8719
118,Circle,CenterX,377.228,CenterY,322.656,Radius,31.2489
119,Equilateral Triangle,CenterX,250.761,CenterY,31.3297,Side Length,27.055,Orienation,6.22771
120,Ellipse,CenterX,157.207,CenterY,473.421,R1,26.3684,R2,33.0629,Orienation,3.12254
121,Ellipse,CenterX,99.7278,CenterY,163.145,R1,37.336,R2,30.7142,Orienation,1.79463
122,Polygon,X0,7.54847,Y0,44.4802,X1,494.776,Y1,53.7586,X2,463.709,Y2,391.597,X3,460.199,Y3,414.306,X4,355.002,Y4,436.012,X5,67.6039,Y5,486.586,X6,7.54847,Y6,44.4802
123,Ellipse,CenterX,159.138,CenterY,26.8485,R1,48.5147,R2,26.9929,Orienation,3.80775
124,Square,CenterX,47.3296,CenterY,130.662,Side Length,52.988,Orienation,5.30324
125,Polygon,X0,428.817,Y0,105.673,X1,133.342,Y1,435.716,X2,114.162,Y2,265.739,X3,97.2188,Y3,107.244,X4,428.817,Y4,105.673
126,Circle,CenterX,371.759,CenterY,182.562,Radius,51.8428
127,Circle,CenterX,404.853,CenterY,14.149,Radius,11.7695
128,Polygon,X0,33.2022,Y0,40.6204,X1,447.601,Y1,119.68,X2,454.721,Y2,201.04,X3,386.982,Y3,440.231,X4,133.185,Y4,476.073,X5,27.971,Y5,93.5123,X6,33.2022,Y6,40.6204
129,Polygon,X0,207.524,Y0,58.5469,X1,386.801,Y1,183.526,X2,365.919,Y2,421.757,X3,53.4317,Y3,168.131,X4,207.524,Y4,58.5469
130,Equilateral Triangle,CenterX,22.1896,CenterY,316.289,Side Length,53.7574,Orienation,1.57557
131,Equilateral Triangle,CenterX,147.356,CenterY,226.994,Side Length,99.9774,Orienation,0.158212
132,Polygon,X0,173.488,Y0,36.2527,X1,411.32,Y1,91.7207,X2,439.31,Y2,149.837,X3,473.628,Y3,472.324,X4,330.562,Y4,477.311,X5,92.5037,Y5,450.99,X6,24.7381,Y6,366.268,X7,138.201,Y7,78.5497,X8,173.488,Y8,36.2527
133,Equilateral Triangle,CenterX,0.625836,CenterY,339.548,Side Length,42.4773,Orienation,6.21622
134,Equilateral Triangle,CenterX,111.596,CenterY,278.333,Side Length,25.1665,Orienation,1.12385
135,Square,CenterX,62.2313,CenterY,73.7129,Side Length,73.4958,Orienation,0.265159
136,Equilateral Triangle,CenterX,191.112,CenterY,49.2648,Side Length,34.4492,Orienation,4.0791
137,Equilateral Triangle,CenterX,478.443,CenterY,194.748,Side Length,71.2534,Orienation,1.89169
138,Square,CenterX,44.9485,CenterY,488.591,Side Length,85.2873,Orienation,4.44735
139,Polygon,X0,183.289,Y0,58.3516,X1,494.534,Y1,333.386,X2,87.5763,Y2,413.251,X3,183.289,Y3,58.3516
140,Equilateral Triangle,CenterX,278.571,CenterY,188.295,Side Length,93.786,Orienation,4.18347
141,Equilateral Triangle,CenterX,474.298,CenterY,3.23706,Side Length,12.8529,Orienation,4.02462
142,Circle,CenterX,242.93,CenterY,135.976,Radius,88.8201
143,Ellipse,CenterX,85.785,CenterY,438.13,R1,36.4532,R2,16.7378,Orienation,1.38984
144,Polygon,X0,186.527,Y0,6.24889,X1,440.576,Y1,135.026,X2,447.194,Y2,358.619,X3,391.869,Y3,464.493,X4,186.527,Y4,6.24889
145,Equilateral Triangle,CenterX,123.028,CenterY,237.636,Side Length,95.0098,Orienation,3.83765
146,Ellipse,CenterX,347.6,CenterY,248.326,R1,29.8916,R2,34.9896,Orienation,5.69163
147,Equilateral Triangle,CenterX,43.418,CenterY,219.238,Side Length,55.3783,Orienation,5.91833
148,Square,CenterX,225.93,CenterY,357.951,Side Length,90.7367,Orienation,5.92534
149,Circle,CenterX,181.481,CenterY,115.43,Radius,37.3851
150,Ellipse,CenterX,339.418,CenterY,495.634,R1,30.7413,R2,40.9779,Orienation,1.53555
151,Equilateral Triangle,CenterX,339.521,CenterY,489.246,Side Length,20.9749,Orienation,2.49818
152,Polygon,X0,82.7014,Y0,51.0727,X1,496.556,Y1,113.437,X2,457.554,Y2,261.256,X3,225.482,Y3,417.291,X4,53.6834,Y4,338.968,X5,23.1356,Y5,277.587,X6,36.4659,Y6,185.047,X7,82.7014,Y7,51.0727
153,Circle,CenterX,178.261,CenterY,419.928,Radius,27.0652
154,Equilateral Triangle,CenterX,29.5732,CenterY,160.143,Side Length,86.1998,Orienation,1.03125
155,Square,CenterX,425.131,CenterY,492.619,Side Length,35.3426,Orienation,2.18784
156,Equilateral Triangle,CenterX,104.653,CenterY,335.574,Side Length,59.9882,Orienation,4.77374
157,Polygon,X0,367.028,Y0,83.8277,X1,342.41,Y1,465.311,X2,133.124,Y2,473.422,X3,16.7428,Y3,370.42,X4,130.295,Y4,184.716,X5,152.787,Y5,171.585,X6,367.028,Y6,83.8277
158,Ellipse,CenterX,459.518,CenterY,340.449,R1,33.6086,R2,22.4428,Orienation,2.37787
159,Ellipse,CenterX,474.43,CenterY,350.311,R1,24.1958,R2,16.5814,Orienation,2.20709
160,Square,CenterX,76.8178,CenterY,117.69,Side Length,93.142,Orienation,1.63601
161,Circle,CenterX,322.932,CenterY,169.225,Radius,58.0245
162,Equilateral Triangle,CenterX,93.069,CenterY,65.1998,Side Length,45.8411,Orienation,3.37397
163,Ellipse,CenterX,114.373,CenterY,237.774,R1,9.66007,R2,12.5084,Orienation,6.03883
164,Equilateral Triangle,CenterX,45.8741,CenterY,396.959,Side Length,92.661,Orienation,0.571539
165,Ellipse,CenterX,1.7315,CenterY,469.872,R1,4.85444,R2,14.1636,Orienation,0.352574
166,Ellipse,CenterX,157.133,CenterY,461.302,R1,28.1364,R2,49.1735,Orienation,6.26247
167,Square,CenterX,366.795,CenterY,268.573,Side Length,8.99827,Orienation,2.32874
168,Equilateral Triangle,CenterX,499.313,CenterY,265.63,Side Length,72.2895,Orienation,2.81173
169,Ellipse,CenterX,442.384,CenterY,276.135,R1,1.2147,R2,9.935,Orienation,0.195153
170,Circle,CenterX,103.472,CenterY,325.408,Radius,52.8928
171,Ellipse,CenterX,281.932,CenterY,453.624,R1,38.3952,R2,28.6589,Orienation,3.9166
172,Ellipse,CenterX,499.345,CenterY,299.135,R1,23.1029,R2,34.7819,Orienation,2.16193
173,Circle,CenterX,255.162,CenterY,43.397,Radius,48.2146
174,Circle,CenterX,322.938,CenterY,290.739,Radius,58.8134
175,Polygon,X0,383.039,Y0,232.404,X1,369.846,Y1,335.412,X2,253.179,Y2,442.881,X3,259.111,Y3,256.531,X4,383.039,Y4,232.404
176,Square,CenterX,496.984,CenterY,311.564,Side Length,72.9963,Orienation,0.412819
177,Ellipse,CenterX,172.56,CenterY,207.514,R1,6.08983,R2,43.2328,Orienation,0.815618
178,Square,CenterX,39.1447,CenterY,115.313,Side Length,52.9291,Orienation,4.39768
179,Square,CenterX,100.102,CenterY,22.7101,Side Length,11.2452,Orienation,4.98859
180,Equilateral Triangle,CenterX,44.8053,CenterY,23.2052,Side Length,65.1189,Orienation,0.322954
181,Equilateral Triangle,CenterX,439.027,CenterY,403.864,Side Length,40.9914,Orienation,3.0831
182,Polygon,X0,204.121,Y0,84.6321,X1,456.792,Y1,131.997,X2,497.987,Y2,359.638,X3,247.748,Y3,449.693,X4,204.121,Y4,84.6321
183,Circle,CenterX,499.928,CenterY,120.341,Radius,43.2194
184,Ellipse,CenterX,422.421,CenterY,410.634,R1,13.4273,R2,44.5401,Orienation,3.68496
185,Circle,CenterX,216.198,CenterY,324.356,Radius,16.8652
186,Ellipse,CenterX,465.227,CenterY,356.088,R1,17.4596,R2,34.3289,Orienation,5.79826
187,Ellipse,CenterX,1.83538,CenterY,345.9,R1,8.08068,R2,14.5533,Orienation,3.77055
188,Ellipse,CenterX,372.981,CenterY,410.11,R1,23.7101,R2,33.1173,Orienation,4.50327
189,Circle,CenterX,469.903,CenterY,177.643,Radius,18.3346
190,Ellipse,CenterX,165.878,CenterY,112.01,R1,40.877,R2,0.557578,Orienation,2.71961
191,Square,CenterX,355.301,CenterY,385.92,Side Length,90.6649,Orienation,2.79666
192,Ellipse,CenterX,462.123,CenterY,4.74592,R1,41.9246,R2,1.79192,Orienation,2.49021
193,Square,CenterX,370.825,CenterY,153.082,Side Length,52.174,Orienation,2.67398
194,Square,CenterX,32.3166,CenterY,91.269,Side Length,51.7207,Orienation,3.76079
195,Equilateral Triangle,CenterX,177.786,CenterY,44.6286,Side Length,28.9009,Orienation,3.62304
196,Ellipse,CenterX,411.822,CenterY,457.751,R1,38.3382,R2,38.5336,Orienation,0.457603
197,Square,CenterX,410.734,CenterY,121.158,Side Length,7.96531,Orienation,5.46645
198,Equilateral Triangle,CenterX,66.4033,CenterY,333.706,Side Length,50.9945,Orienation,5.94422
199,Ellipse,CenterX,135.732,CenterY,315.83,R1,0.963727,R2,43.6604,Orienation,5.71618
200,Circle,CenterX,75.1262,CenterY,210.342,Radius,99.3464
201,Circle,CenterX,50.618,CenterY,291.049,Radius,61.2978
202,Equilateral Triangle,CenterX,367.516,CenterY,334.023,Side Length,34.1956,Orienation,1.12657
203,Circle,CenterX,322.936,CenterY,283.356,Radius,62.1109
204,Equilateral Triangle,CenterX,61.318,CenterY,322.268,Side Length,96.3029,Orienation,4.53931
205,Ellipse,CenterX,368.679,CenterY,422.122,R1,40.6767,R2,33.0984,Orienation,1.64875
206,Equilateral Triangle,CenterX,382.699,CenterY,439.186,Side Length,49.5241,Orienation,3.916
207,Equilateral Triangle,CenterX,219.59,CenterY,394.946,Side Length,0.524094,Orienation,5.38127
208,Circle,CenterX,61.5723,CenterY,117.7,Radius,61.6155
209,Equilateral Triangle,CenterX,296.78,CenterY,230.903,Side Length,47.3866,Orienation,3.06724
210,Square,CenterX,143.829,CenterY,283.744,Side Length,44.9432,Orienation,4.91834
211,Equilateral Triangle,CenterX,26.4501,CenterY,15.6155,Side Length,9.89855,Orienation,2.32079
212,Ellipse,CenterX,171.188,CenterY,192.097,R1,48.5713,R2,8.63518,Orienation,5.98279
213,Circle,CenterX,314.435,CenterY,95.5094,Radius,78.1319
214,Equilateral Triangle,CenterX,445.409,CenterY,324.701,Side Length,36.442,Orienation,6.21674
215,Equilateral Triangle,CenterX,199.829,CenterY,97.1591,Side Length,60.9442,Orienation,4.94898
216,Circle,CenterX,330.129,CenterY,90.3671,Radius,71.9724
217,Ellipse,CenterX,193.961,CenterY,359.916,R1,40.6031,R2,6.11691,Orienation,6.25082
218,Square,CenterX,239.65,CenterY,247.747,Side Length,26.3913,Orienation,2.10033
219,Ellipse,CenterX,447.825,CenterY,42.355,R1,23.7005,R2,38.6613,Orienation,5.51129
220,Equilateral Triangle,CenterX,110.563,CenterY,445.16,Side Length,75.315,Orienation,0.112816
221,Polygon,X0,269.452,Y0,0.473386,X1,468.569,Y1,52.7356,X2,455.399,Y2,466.949,X3,8.98025,Y3,438.476,X4,29.9719,Y4,243.668,X5,51.8081,Y5,55.6585,X6,269.452,Y6,0.473386
222,Circle,CenterX,272.921,CenterY,371.222,Radius,75.9509
223,Polygon,X0,272.692,Y0,37.8726,X1,480.274,Y1,155.751,X2,468.781,Y2,493.772,X3,317.211,Y3,490.315,X4,115.337,Y4,461.399,X5,66.3838,Y5,438.266,X6,15.1512,Y6,336.267,X7,42.9298,Y7,233.11,X8,166.754,Y8,59.904,X9,272.692,Y9,37.8726
224,Equilateral Triangle,CenterX,286.517,CenterY,435.412,Side Length,58.6557,Orienation,2.78179
225,Polygon,X0,202.007,Y0,170.989,X1,404.88,Y1,224.364,X2,475.179,Y2,489.211,X3,375.18,Y3,455.293,X4,22.4362,Y4,192.645,X5,202.007,Y5,170.989
226,Equilateral Triangle,CenterX,232.58,CenterY,390.187,Side Length,93.8769,Orienation,0.339735
227,Polygon,X0,37.075,Y0,35.4685,X1,305.318,Y1,107.136,X2,461.619,Y2,153.74,X3,477.794,Y3,233.432,X4,354.095,Y4,489.665,X5,130.871,Y5,489.994,X6,87.8071,Y6,465.061,X7,62.7818,Y7,439.013,X8,34.9386,Y8,82.0044,X9,37.075,Y9,35.4685
228,Circle,CenterX,288.721,CenterY,386.897,Radius,22.897
229,Square,CenterX,403.209,CenterY,429.924,Side Length,41.2916,Orienation,2.02239
230,Equilateral Triangle,CenterX,2.94028,CenterY,180.314,Side Length,53.5652,Orienation,0.413056
231,Ellipse,CenterX,338.178,CenterY,449.087,R1,28.9898,R2,37.7786,Orienation,2.23585
232,Ellipse,CenterX,121.777,CenterY,351.517,R1,48.3547,R2,34.6948,Orienation,1.17271
233,Ellipse,CenterX,35.8415,CenterY,105.683,R1,7.81769,R2,32.3058,Orienation,2.27397
234,Circle,CenterX,250.655,CenterY,426.403,Radius,1.01134
235,Equilateral Triangle,CenterX,58.601,CenterY,16.027,Side Length,11.4335,Orienation,4.11678
236,Ellipse,CenterX,425.145,CenterY,207.539,R1,6.01857,R2,48.9987,Orienation,3.62826
237,Circle,CenterX,295.221,CenterY,91.3563,Radius,18.9756
238,Square,CenterX,80.4496,CenterY,468.102,Side Length,5.50736,Orienation,2.55894
239,Equilateral Triangle,CenterX,5.48359,CenterY,284.68,Side Length,75.9135,Orienation,2.34393
240,Equilateral Triangle,CenterX,120.929,CenterY,31.8005,Side Length,58.5485,Orienation,3.53477
241,Circle,CenterX,10.4677,CenterY,145.605,Radius,6.45018
242,Square,CenterX,229.853,CenterY,418.575,Side Length,64.05,Orienation,5.06265
243,Polygon,X0,179.402,Y0,184.675,X1,362.365,Y1,303.297,X2,411.846,Y2,344.822,X3,29.4183,Y3,361.9,X4,179.402,Y4,184.675
244,Circle,CenterX,497.087,CenterY,238.079,Radius,66.9748
245,Square,CenterX,431.261,CenterY,4.26044,Side Length,54.8009,Orienation,0.608663
246,Polygon,X0,283.123,Y0,1.18222,X1,420.097,Y1,251.862,X2,250.462,Y2,409.758,X3,142.62,Y3,402.103,X4,34.6166,Y4,184.16,X5,21.7409,Y5,5.83102,X6,283.123,Y6,1.18222
247,Polygon,X0,486.917,Y0,35.418,X1,492.632,Y1,380.764,X2,439.424,Y2,403.148,X3,231.242,Y3,457.233,X4,8.21827,Y4,358.923,X5,34.9911,Y5,113.976,X6,80.5508,Y6,86.6853,X7,186.276,Y7,54.118,X8,332.085,Y8,42.4278,X9,486.917,Y9,35.418
248,Polygon,X0,199.257,Y0,25.1431,X1,496.945,Y1,187.971,X2,333.991,Y2,381.909,X3,209.576,Y3,498.323,X4,110.177,Y4,478.969,X5,104.82,Y5,267.491,X6,199.257,Y6,25.1431
249,Square,CenterX,92.8995,CenterY,298.439,Side Length,6.93576,Orienation,2.56951
250,Circle,CenterX,403.592,CenterY,61.7371,Radius,44.8048
251,Square,CenterX,395.805,CenterY,120.929,Side Length,64.9315,Orienation,1.33885
252,Polygon,X0,445.817,Y0,59.4024,X1,458.041,Y1,411.19,X2,382.508,Y2,476.026,X3,96.091,Y3,496.91,X4,190.806,Y4,218.488,X5,445.817,Y5,59.4024
253,Ellipse,CenterX,424.242,CenterY,436.504,R1,25.4021,R2,39.4577,Orienation,3.8876
254,Equilateral Triangle,CenterX,435.861,CenterY,213.047,Side Length,62.5628,Orienation,3.6646
255,Polygon,X0,489.65,Y0,12.5178,X1,375.598,Y1,158.342,X2,131.785,Y2,450.532,X3,120.048,Y3,26.1971,X4,489.65,Y4,12.5178
256,Ellipse,CenterX,146.792,CenterY,391.376,R1,23.0018,R2,6.1538,Orienation,2.84521
257,Circle,CenterX,450.047,CenterY,354.125,Radius,81.3111
258,Equilateral Triangle,CenterX,95.17,CenterY,3.78347,Side Length,59.4863,Orienation,3.35243
259,Polygon,X0,32.8245,Y0,51.2101,X1,473.319,Y1,89.4906,X2,320.325,Y2,421.068,X3,101.797,Y3,178.05,X4,32.8245,Y4,51.2101
260,Polygon,X0,308.409,Y0,22.1949,X1,413.623,Y1,327.448,X2,13.7271,Y2,448.504,X3,120.038,Y3,97.2015,X4,253.928,Y4,40.8598,X5,308.409,Y5,22.1949
261,Polygon,X0,317.785,Y0,205.61,X1,498.783,Y1,223.582,X2,452.969,Y2,437.148,X3,375.896,Y3,464.041,X4,38.7357,Y4,470.362,X5,123.435,Y5,353.764,X6,257.032,Y6,219.037,X7,317.785,Y7,205.61
262,Square,CenterX,182.398,CenterY,102.285,Side Length,84.4462,Orienation,3.60521
263,Polygon,X0,277.583,Y0,33.684,X1,492.538,Y1,74.7634,X2,482.272,Y2,356.672,X3,470.656,Y3,435.576,X4,377.471,Y4,478.083,X5,15.4585,Y5,316.648,X6,7.05511,Y6,115.755,X7,86.4095,Y7,68.9395,X8,277.583,Y8,33.684
264,Ellipse,CenterX,369.644,CenterY,162.832,R1,40.7831,R2,17.74,Orienation,4.95447
265,Polygon,X0,145.957,Y0,36.9504,X1,499.633,Y1,361.302,X2,491.03,Y2,374.105,X3,263.254,Y3,498.869,X4,95.626,Y4,486.869,X5,28.2954,Y5,256.693,X6,145.957,Y6,36.9504
266,Ellipse,CenterX,0.107303,CenterY,31.8463,R1,0.773223,R2,30.6339,Orienation,2.81861
267,Ellipse,CenterX,258.115,CenterY,38.9504,R1,47.0037,R2,31.0818,Orienation,4.67914
268,Equilateral Triangle,CenterX,389.986,CenterY,232.453,Side Length,46.8905,Orienation,1.49212
269,Circle,CenterX,14.9151,CenterY,168.498,Radius,43.5403
270,Ellipse,CenterX,348.93,CenterY,144.578,R1,4.05202,R2,17.2227,Orienation,2.40894
271,Polygon,X0,346.854,Y0,11.5733,X1,436.13,Y1,210.35,X2,499.906,Y2,411.111,X3,401.249,Y3,475.019,X4,169.881,Y4,485.776,X5,5.77454,Y5,443.976,X6,2.29248,Y6,400.069,X7,27.5634,Y7,142.666,X8,67.1746,Y8,36.798,X9,346.854,Y9,11.5733
272,Square,CenterX,499.807,CenterY,341.629,Side Length,35.6926,Orienation,5.86079
273,Polygon,X0,88.3137,Y0,76.6753,X1,438.754,Y1,96.985,X2,428.39,Y2,233.404,X3,186.934,Y3,487.334,X4,10.5914,Y4,234.569,X5,88.3137,Y5,76.6753
274,Ellipse,CenterX,114.162,CenterY,68.9237,R1,27.9411,R2,30.4431,Orienation,2.7291
275,Ellipse,CenterX,294.893,CenterY,78.4714,R1,40.3322,R2,34.883,Orienation,0.445284
276,Square,CenterX,224.732,CenterY,12.74,Side Length,45.7908,Orienation,6.15707
277,Polygon,X0,259.754,Y0,86.9022,X1,325.475,Y1,300.832,X2,54.4239,Y2,411.723,X3,259.754,Y3,86.9022
278,Square,CenterX,399.066,CenterY,315.757,Side Length,71.3811,Orienation,2.02315
279,Ellipse,CenterX,253.247,CenterY,341.241,R1,35.1408,R2,34.52,Orienation,3.47967
280,Ellipse,CenterX,276.246,CenterY,260.52,R1,22.6357,R2,46.0994,Orienation,4.61445
281,Circle,CenterX,103.291,CenterY,365.011,Radius,79.3707
282,Equilateral Triangle,CenterX,374.044,CenterY,372.706,Side Length,68.5226,Orienation,0.0486533
283,Polygon,X0,244.108,Y0,151.01,X1,482.111,Y1,227.122,X2,421.444,Y2,438.738,X3,169.59,Y3,341.628,X4,244.108,Y4,151.01
284,Square,CenterX,43.8606,CenterY,208.093,Side Length,17.9858,Orienation,5.78387
285,Ellipse,CenterX,199.986,CenterY,402.781,R1,14.2011,R2,47.6595,Orienation,6.27231
286,Circle,CenterX,481.188,CenterY,198.505,Radius,86.8745
287,Equilateral Triangle,CenterX,478.624,CenterY,477.693,Side Length,28.3231,Orienation,2.71026
288,Polygon,X0,293.265,Y0,82.0097,X1,496.95,Y1,332.781,X2,3.52518,Y2,407.57,X3,293.265,Y3,82.0097
289,Ellipse,CenterX,397.172,CenterY,160.917,R1,46.2536,R2,34.8519,Orienation,5.88807
290,Circle,CenterX,27.3183,CenterY,17.7432,Radius,40.345
291,Circle,CenterX,309.917,CenterY,166.521,Radius,23.1725
292,Polygon,X0,390.856,Y0,41.2621,X1,425.113,Y1,487.987,X2,119.46,Y2,462.193,X3,77.9363,Y3,433.645,X4,18.1078,Y4,389.93,X5,22.2207,Y5,372.811,X6,75.0104,Y6,236.23,X7,221.499,Y7,77.3781,X8,390.856,Y8,41.2621
293,Circle,CenterX,124.908,CenterY,47.6993,Radius,75.4125
294,Square,CenterX,366.745,CenterY,109.961,Side Length,4.01389,Orienation,1.54526
295,Ellipse,CenterX,427.192,CenterY,6.44849,R1,24.8618,R2,49.5097,Orienation,3.77055
296,Circle,CenterX,350.964,CenterY,10.5252,Radius,76.0558
297,Equilateral Triangle,CenterX,321.039,CenterY,226.349,Side Length,57.1731,Orienation,3.65003
298,Equilateral Triangle,CenterX,51.8949,CenterY,433.383,Side Length,71.3136,Orienation,3.02443
299,Ellipse,CenterX,111.191,CenterY,319.196,R1,37.6583,R2,29.1916,Orienation,1.63523
300,Equilateral Triangle,CenterX,240.881,CenterY,418.411,Side Length,80.4777,Orienation,4.04344
301,Circle,CenterX,165.555,CenterY,476.035,Radius,74.9544
302,Circle,CenterX,273.701,CenterY,111.165,Radius,23.2396
303,Circle,CenterX,363.605,CenterY,26.2837,Radius,15.3535
304,Circle,CenterX,78.4867,CenterY,79.7296,Radius,56.1676
305,Equilateral Triangle,CenterX,184.372,CenterY,123.729,Side Length,21.7617,Orienation,3.51021
306,Circle,CenterX,78.3682,CenterY,32.9151,Radius,68.1656
307,Equilateral Triangle,CenterX,302.715,CenterY,374.361,Side Length,79.1961,Orienation,5.31884
308,Polygon,X0,23.1176,Y0,24.2774,X1,340.354,Y1,126.082,X2,413.179,Y2,206.025,X3,470.024,Y3,333.332,X4,273.92,Y4,428.335,X5,39.9236,Y5,431.912,X6,20.6446,Y6,197.346,X7,23.1176,Y7,24.2774
309,Polygon,X0,499.273,Y0,40.0037,X1,368.39,Y1,474.243,X2,174.622,Y2,498.641,X3,20.1315,Y3,304.692,X4,305.886,Y4,68.8865,X5,499.273,Y5,40.0037
310,Ellipse,CenterX,247.036,CenterY,485.031,R1,16.0506,R2,33.3489,Orienation,4.89734
311,Circle,CenterX,239.943,CenterY,29.4662,Radius,85.0453
312,Ellipse,CenterX,18.4319,CenterY,365.827,R1,37.5008,R2,38.4488,Orienation,4.65911
313,Equilateral Triangle,CenterX,360.978,CenterY,205.284,Side Length,60.3023,Orienation,4.32956
314,Ellipse,CenterX,249.242,CenterY,262.298,R1,45.5763,R2,0.227219,Orienation,0.956062
315,Square,CenterX,172.99,CenterY,183.494,Side Length,20.6445,Orienation,4.9874
316,Polygon,X0,414.683,Y0,16.4574,X1,437.556,Y1,126.734,X2,307.359,Y2,261.076,X3,56.9997,Y3,480.967,X4,74.4827,Y4,266.782,X5,414.683,Y5,16.4574
317,Equilateral Triangle,CenterX,328.146,CenterY,301.134,Side Length,65.33,Orienation,1.49274
318,Equilateral Triangle,CenterX,215.129,CenterY,141.7,Side Length,28.937,Orienation,0.406187
319,Ellipse,CenterX,497.118,CenterY,145.124,R1,42.5168,R2,6.85545,Orienation,4.3973
320,Ellipse,CenterX,212.954,CenterY,18.4201,R1,32.4267,R2,22.3335,Orienation,0.409712
321,Ellipse,CenterX,46.0477,CenterY,266.237,R1,22.4242,R2,12.4231,Orienation,2.90196
322,Ellipse,CenterX,208.368,CenterY,182.691,R1,11.6975,R2,41.5623,Orienation,1.0809
323,Equilateral Triangle,CenterX,281.08,CenterY,22.124,Side Length,8.76012,Orienation,3.28099
324,Equilateral Triangle,CenterX,136.334,CenterY,483.409,Side Length,45.6275,Orienation,3.94434
325,Circle,CenterX,201.028,CenterY,202.759,Radius,33.3519
326,Circle,CenterX,282.149,CenterY,477.168,Radius,26.644
327,Square,CenterX,243.382,CenterY,190.55,Side Length,79.8531,Orienation,4.67801
328,Circle,CenterX,76.118,CenterY,203.372,Radius,5.67398
329,Circle,CenterX,119.243,CenterY,419.58,Radius,98.2276
330,Ellipse,CenterX,432.491,CenterY,483.537,R1,33.8485,R2,23.8847,Orienation,6.26559
331,Ellipse,CenterX,455.022,CenterY,384.156,R1,10.1151,R2,41.9295,Orienation,4.54383
332,Equilateral Triangle,CenterX,360.882,CenterY,350.353,Side Length,49.0065,Orienation,3.3141
333,Polygon,X0,256.562,Y0,18.5008,X1,323.013,Y1,266.373,X2,161.588,Y2,425.111,X3,26.0469,Y3,312.594,X4,141.272,Y4,118.753,X5,256.562,Y5,18.5008
334,Ellipse,CenterX,271.712,CenterY,314.162,R1,23.4442,R2,9.48755,Orienation,2.17375
335,Equilateral Triangle,CenterX,443.419,CenterY,99.0519,Side Length,65.9228,Orienation,3.59523
336,Square,CenterX,50.0798,CenterY,202.668,Side Length,47.0573,Orienation,4.87283
337,Circle,CenterX,125.912,CenterY,374.163,Radius,93.9978
338,Circle,CenterX,114.107,CenterY,115.501,Radius,80.4959
339,Circle,CenterX,410.98,CenterY,55.3826,Radius,28.6838
340,Polygon,X0,467.122,Y0,37.9089,X1,481.641,Y1,312.114,X2,452.097,Y2,404.115,X3,246.132,Y3,485.706,X4,21.8267,Y4,499.643,X5,1.61396,Y5,281.259,X6,27.4747,Y6,75.0022,X7,467.122,Y7,37.9089
341,Ellipse,CenterX,382.552,CenterY,164.346,R1,12.8748,R2,32.0115,Orienation,1.80239
342,Ellipse,CenterX,444.608,CenterY,2.33868,R1,11.64,R2,30.6619,Orienation,4.7292
343,Circle,CenterX,191.109,CenterY,455.713,Radius,13.075
344,Polygon,X0,497.074,Y0,46.8935,X1,438.926,Y1,447.468,X2,0.235671,Y2,353.248,X3,44.8554,Y3,94.703,X4,132.007,Y4,48.6893,X5,497.074,Y5,46.8935
345,Equilateral Triangle,CenterX,268.251,CenterY,498.157,Side Length,31.4521,Orienation,4.16309
346,Equilateral Triangle,CenterX,142.627,CenterY,276.936,Side Length,77.7585,Orienation,1.98345
347,Equilateral Triangle,CenterX,58.9117,CenterY,248.169,Side Length,51.8338,Orienation,3.54703
348,Circle,CenterX,181.982,CenterY,404.552,Radius,56.9944
349,Ellipse,CenterX,138.115,CenterY,297.609,R1,5.80043,R2,23.2359,Orienation,3.91792
350,Circle,CenterX,274.513,CenterY,370.813,Radius,55.9431
351,Circle,CenterX,303.572,CenterY,132.629,Radius,2.74762
352,Circle,CenterX,247.548,CenterY,57.1366,Radius,38.0299
353,Equilateral Triangle,CenterX,199.584,CenterY,362.106,Side Length,24.762,Orienation,2.41362
354,Ellipse,CenterX,40.1507,CenterY,64.6184,R1,19.4479,R2,46.6079,Orienation,0.948334
355,Square,CenterX,312.045,CenterY,432.814,Side Length,8.0513,Orienation,0.0534897
356,Ellipse,CenterX,332.117,CenterY,234.698,R1,38.1786,R2,0.0377317,Orienation,3.13036
357,Polygon,X0,266.432,Y0,40.1585,X1,455.454,Y1,340.751,X2,162.782,Y2,316.818,X3,6.36635,Y3,102.377,X4,108.124,Y4,43.2974,X5,266.432,Y5,40.1585
358,Circle,CenterX,70.919,CenterY,440.559,Radius,87.3177
359,Equilateral Triangle,CenterX,41.6123,CenterY,286.751,Side Length,57.6279,Orienation,5.01436
360,Equilateral Triangle,CenterX,335.82,CenterY,401.392,Side Length,41.9817,Orienation,1.25451
361,Circle,CenterX,15.1339,CenterY,168.077,Radius,37.3591
362,Equilateral Triangle,CenterX,296.489,CenterY,373.648,Side Length,17.7233,Orienation,3.11163
363,Circle,CenterX,274.165,CenterY,244.325,Radius,76.247
364,Ellipse,CenterX,289.758,CenterY,87.2975,R1,30.7375,R2,13.7926,Orienation,5.4782
365,Circle,CenterX,275.603,CenterY,352.218,Radius,55.4299
366,Circle,CenterX,165.068,CenterY,172.86,Radius,18.8312
367,Square,CenterX,124.574,CenterY,438.289,Side Length,86.6973,Orienation,4.53109
368,Circle,CenterX,3.41649,CenterY,73.1877,Radius,67.7933
369,Polygon,X0,330.982,Y0,0.0267026,X1,440.348,Y1,15.0329,X2,375.347,Y2,359.272,X3,172.662,Y3,430.536,X4,7.4011,Y4,293.783,X5,4.75864,Y5,91.5673,X6,51.9333,Y6,22.0616,X7,330.982,Y7,0.0267026
370,Ellipse,CenterX,488.443,CenterY,199.849,R1,0.746979,R2,8.80626,Orienation,4.62414
371,Equilateral Triangle,CenterX,489.147,CenterY,279.98,Side Length,81.664,Orienation,4.80946
372,Ellipse,CenterX,244.506,CenterY,457.973,R1,8.00752,R2,6.94941,Orienation,3.39645
373,Ellipse,CenterX,288.149,CenterY,308.367,R1,34.8691,R2,42.8978,Orienation,2.53012
374,Equilateral Triangle,CenterX,384.623,CenterY,235.674,Side Length,88.4415,Orienation,1.19166
375,Ellipse,CenterX,367.223,CenterY,338.853,R1,27.33,R2,41.4206,Orienation,1.60645
376,Polygon,X0,71.8829,Y0,36.5363,X1,481.92,Y1,74.581,X2,341.099,Y2,468.152,X3,55.3113,Y3,468.366,X4,3.56628,Y4,208.214,X5,45.3828,Y5,47.002,X6,71.8829,Y6,36.5363
377,Circle,CenterX,42.0246,CenterY,113.649,Radius,48.8051
378,Ellipse,CenterX,192.244,CenterY,254.164,R1,1.64192,R2,41.8377,Orienation,4.33386
379,Equilateral Triangle,CenterX,220.989,CenterY,426.055,Side Length,97.0385,Orienation,4.63107
380,Circle,CenterX,334.107,CenterY,320.121,Radius,56.4493
381,Ellipse,CenterX,175.787,CenterY,85.217,R1,22.6474,R2,20.8684,Orienation,2.94038
382,Polygon,X0,205.664,Y0,13.1758,X1,439.494,Y1,66.558,X2,438.627,Y2,395.338,X3,329.048,Y3,484.243,X4,132.048,Y4,373.527,X5,73.6925,Y5,269.601,X6,125.363,Y6,81.4527,X7,205.664,Y7,13.1758
383,Circle,CenterX,370.276,CenterY,5.03153,Radius,2.66348
384,Circle,CenterX,381.779,CenterY,11.2414,Radius,28.182
385,Ellipse,CenterX,368.62,CenterY,44.6712,R1,8.01573,R2,5.87695,Orienation,4.76928
386,Circle,CenterX,34.3846,CenterY,264.105,Radius,34.2048
387,Polygon,X0,165.498,Y0,29.7024,X1,407.363,Y1,147.663,X2,483.834,Y2,185.421,X3,469.955,Y3,353.408,X4,368.616,Y4,480.814,X5,208.211,Y5,492.075,X6,140.276,Y6,445.381,X7,35.6375,Y7,370.293,X8,165.498,Y8,29.7024
388,Equilateral Triangle,CenterX,318.083,CenterY,252.896,Side Length,63.6758,Orienation,0.784533
389,Circle,CenterX,227.459,CenterY,126.444,Radius,5.83794
390,Ellipse,CenterX,300.863,CenterY,215.352,R1,1.89181,R2,7.24059,Orienation,2.79968
391,Circle,CenterX,369.129,CenterY,152.861,Radius,87.4961
392,Square,CenterX,24.8854,CenterY,307.495,Side Length,4.37562,Orienation,2.86861
393,Equilateral Triangle,CenterX,431.572,CenterY,175.571,Side Length,10.8745,Orienation,1.50539
394,Circle,CenterX,341.876,CenterY,178.181,Radius,15.25
395,Equilateral Triangle,CenterX,271.497,CenterY,280.91,Side Length,17.0004,Orienation,0.440127
396,Ellipse,CenterX,91.6657,CenterY,195.829,R1,16.3276,R2,38.2005,Orienation,0.765873
397,Circle,CenterX,23.6028,CenterY,58.9492,Radius,83.7003
398,Circle,CenterX,484.089,CenterY,340.73,Radius,35.1058
399,Equilateral Triangle,CenterX,411.198,CenterY,271.815,Side Length,1.23461,Orienation,4.73598
400,Polygon,X0,436.307,Y0,18.4495,X1,442.076,Y1,77.8678,X2,339.071,Y2,349.245,X3,298.001,Y3,417.503,X4,10.1956,Y4,230.786,X5,436.307,Y5,18.4495
401,Polygon,X0,331.913,Y0,15.8979,X1,344.354,Y1,30.1229,X2,387.272,Y2,89.2005,X3,433.195,Y3,244.99,X4,440.821,Y4,460.338,X5,288.441,Y5,440.37,X6,14.6396,Y6,358.655,X7,105.744,Y7,176.997,X8,331.913,Y8,15.8979
402,Ellipse,CenterX,14.2279,CenterY,289.3,R1,3.56831,R2,27.3344,Orienation,0.267241
403,Circle,CenterX,34.5528,CenterY,79.6842,Radius,97.5753
404,Equilateral Triangle,CenterX,291.172,CenterY,117.544,Side Length,97.362,Orienation,6.2332
405,Square,CenterX,496.136,CenterY,282.922,Side Length,99.3275,Orienation,0.161482
406,Circle,CenterX,265.738,CenterY,209.685,Radius,55.3499
407,Equilateral Triangle,CenterX,263.072,CenterY,227.713,Side Length,9.46359,Orienation,3.13687
408,Polygon,X0,246.777,Y0,84.8791,X1,440.484,Y1,199.508,X2,299.746,Y2,446.453,X3,167.865,Y3,425.1,X4,134.253,Y4,418.941,X5,67.6462,Y5,311.37,X6,29.9932,Y6,199.97,X7,246.777,Y7,84.8791
409,Ellipse,CenterX,206.856,CenterY,228.561,R1,4.62016,R2,27.4171,Orienation,4.60337
410,Polygon,X0,242.369,Y0,21.0143,X1,457.913,Y1,490.199,X2,367.379,Y2,494.746,X3,225.746,Y3,412.353,X4,2.76204,Y4,124.643,X5,141.635,Y5,40.5577,X6,242.369,Y6,21.0143
411,Circle,CenterX,370.05,CenterY,49.2004,Radius,46.1577
412,Polygon,X0,157.236,Y0,37.0457,X1,258.668,Y1,167.795,X2,364.076,Y2,431.888,X3,35.0752,Y3,213.927,X4,157.236,Y4,37.0457
413,Square,CenterX,282.194,CenterY,435.325,Side Length,80.9129,Orienation,2.34059
414,Circle,CenterX,78.9188,CenterY,414.485,Radius,21.6012
415,Ellipse,CenterX,344.62,CenterY,72.1894,R1,7.14036,R2,17.493,Orienation,6.26181
416,Ellipse,CenterX,309.056,CenterY,452.057,R1,45.2979,R2,49.5539,Orienation,5.52255
417,Polygon,X0,319.06,Y0,179.485,X1,468.46,Y1,446.311,X2,107.774,Y2,400.872,X3,319.06,Y3,179.485
418,Circle,CenterX,39.7498,CenterY,444.7,Radius,74.9851
419,Equilateral Triangle,CenterX,404.651,CenterY,148.665,Side Length,3.95418,Orienation,2.69451
420,Ellipse,CenterX,16.1,CenterY,368.381,R1,20.8198,R2,34.9528,Orienation,0.647052
421,Circle,CenterX,141.681,CenterY,449.922,Radius,68.3394
422,Ellipse,CenterX,453.18,CenterY,375.956,R1,30.9434,R2,11.179,Orienation,4.94395
423,Circle,CenterX,104.829,CenterY,129.312,Radius,56.4366
424,Circle,CenterX,401.956,CenterY,3.09269,Radius,77.4864
425,Polygon,X0,159.608,Y0,21.3466,X1,278.923,Y1,52.9682,X2,480.186,Y2,398.893,X3,148.608,Y3,465.536,X4,43.4995,Y4,210.083,X5,159.608,Y5,21.3466
426,Ellipse,CenterX,281.517,CenterY,333.463,R1,5.34782,R2,9.04565,Orienation,1.3174
427,Polygon,X0,192.252,Y0,27.1953,X1,496.459,Y1,143.219,X2,430.538,Y2,420.761,X3,394.907,Y3,467.986,X4,275.038,Y4,423.529,X5,124.429,Y5,246.705,X6,192.252,Y6,27.1953
428,Ellipse,CenterX,65.1816,CenterY,168.475,R1,35.4787,R2,22.4435,Orienation,4.9804
429,Ellipse,CenterX,299.823,CenterY,219.084,R1,17.5724,R2,25.087,Orienation,0.358672
430,Equilateral Triangle,CenterX,207.68,CenterY,176.277,Side Length,31.3877,Orienation,1.77687
431,Square,CenterX,339.955,CenterY,271.506,Side Length,89.2994,Orienation,1.60787
432,Square,CenterX,158.68,CenterY,211.847,Side Length,40.0779,Orienation,3.35642
433,Ellipse,CenterX,251.753,CenterY,98.0809,R1,29.5257,R2,15.9943,Orienation,0.0390677
434,Circle,CenterX,347.823,CenterY,318.296,Radius,67.6206
435,Square,CenterX,115.579,CenterY,175.557,Side Length,1.57304,Orienation,0.158268
436,Square,CenterX,442.802,CenterY,356.759,Side Length,18.3494,Orienation,4.4312
437,Equilateral Triangle,CenterX,170.569,CenterY,305.318,Side Length,81.4978,Orienation,2.99587
438,Equilateral Triangle,CenterX,44.5631,CenterY,438.663,Side Length,37.6697,Orienation,0.490881
439,Ellipse,CenterX,128.785,CenterY,174.27,R1,34.4988,R2,16.2323,Orienation,5.5075
440,Ellipse,CenterX,116.984,CenterY,275.313,R1,39.5552,R2,4.95228,Orienation,4.29512
441,Ellipse,CenterX,90.1831,CenterY,369.326,R1,49.0586,R2,12.7466,Orienation,3.6349
442,Ellipse,CenterX,441.048,CenterY,467.125,R1,22.9982,R2,34.6247,Orienation,5.49023
443,Equilateral Triangle,CenterX,360.831,CenterY,219.732,Side Length,12.9603,Orienation,3.04267
444,Square,CenterX,452.811,CenterY,494.079,Side Length,98.1095,Orienation,5.72335
445,Equilateral Triangle,CenterX,102.299,CenterY,254.398,Side Length,49.3785,Orienation,5.31872
446,Equilateral Triangle,CenterX,481.466,CenterY,15.1699,Side Length,61.979,Orienation,0.772787
447,Polygon,X0,244.932,Y0,44.1574,X1,455.401,Y1,56.1812,X2,472.617,Y2,389.236,X3,419.556,Y3,478.891,X4,228.631,Y4,422.954,X5,66.8157,Y5,264.165,X6,244.932,Y6,44.1574
448,Equilateral Triangle,CenterX,306.617,CenterY,466.624,Side Length,27.026,Orienation,5.99977
449,Circle,CenterX,389.273,CenterY,247.287,Radius,31.0462
450,Polygon,X0,19.8055,Y0,2.65929,X1,425.799,Y1,23.6246,X2,458.586,Y2,120.353,X3,486.849,Y3,467.105,X4,443.382,Y4,495.638,X5,73.1174,Y5,462.747,X6,24.4907,Y6,235.12,X7,19.8055,Y7,2.65929
451,Ellipse,CenterX,171.832,CenterY,385.976,R1,35.1629,R2,24.7496,Orienation,1.89884
452,Ellipse,CenterX,479.992,CenterY,309.716,R1,13.9155,R2,30.4021,Orienation,2.34825
453,Ellipse,CenterX,313.225,CenterY,361.312,R1,4.34773,R2,39.6966,Orienation,4.16212
454,Circle,CenterX,77.8825,CenterY,320.875,Radius,78.7808
455,Equilateral Triangle,CenterX,342.262,CenterY,275.329,Side Length,53.9976,Orienation,0.0922052
456,Circle,CenterX,299.929,CenterY,136.869,Radius,45.4435
457,Ellipse,CenterX,422.599,CenterY,25.4345,R1,47.7557,R2,42.1467,Orienation,0.92782
458,Ellipse,CenterX,9.44166,CenterY,291.296,R1,49.141,R2,29.4821,Orienation,2.42626
459,Circle,CenterX,192.212,CenterY,145.582,Radius,75.2141
460,Ellipse,CenterX,391.477,CenterY,436.239,R1,4.41366,R2,18.82,Orienation,1.19653
461,Ellipse,CenterX,175.937,CenterY,279.812,R1,20.1954,R2,35.902,Orienation,3.97791
462,Ellipse,CenterX,493.625,CenterY,317.421,R1,48.4695,R2,31.9626,Orienation,1.40042
463,Ellipse,CenterX,398.35,CenterY,453.778,R1,43.4609,R2,27.674,Orienation,6.03824
464,Circle,CenterX,462.553,CenterY,316.47,Radius,30.5074
465,Square,CenterX,44.4123,CenterY,426.606,Side Length,51.3439,Orienation,3.04899
466,Equilateral Triangle,CenterX,441.112,CenterY,173.626,Side Length,31.2854,Orienation,0.370373
467,Polygon,X0,77.4317,Y0,11.6003,X1,481.497,Y1,43.7188,X2,468.748,Y2,411.421,X3,447.151,Y3,478.69,X4,289.794,Y4,458.542,X5,73.3509,Y5,391.624,X6,38.792,Y6,377.266,X7,13.2848,Y7,155.063,X8,77.4317,Y8,11.6003
468,Equilateral Triangle,CenterX,136.773,CenterY,21.3117,Side Length,91.019,Orienation,5.34865
469,Circle,CenterX,83.7211,CenterY,297.157,Radius,2.18868
470,Polygon,X0,273.395,Y0,4.00787,X1,469.188,Y1,108.724,X2,207.527,Y2,432.249,X3,26.7926,Y3,477.259,X4,8.94593,Y4,45.4231,X5,273.395,Y5,4.00787
471,Square,CenterX,435.882,CenterY,88.4726,Side Length,8.44082,Orienation,2.09953
472,Square,CenterX,204.502,CenterY,230.593,Side Length,93.4255,Orienation,6.19406
473,Polygon,X0,130.161,Y0,3.95826,X1,391.154,Y1,82.1785,X2,471.537,Y2,376.079,X3,454.809,Y3,485.373,X4,75.3168,Y4,456.236,X5,42.237,Y5,334.329,X6,83.2218,Y6,125.623,X7,130.161,Y7,3.95826
474,Ellipse,CenterX,73.1318,CenterY,79.7392,R1,29.0941,R2,43.198,Orienation,2.10919
475,Ellipse,CenterX,130.265,CenterY,432.115,R1,14.1582,R2,18.2685,Orienation,2.50959
476,Circle,CenterX,146.866,CenterY,160.671,Radius,42.8273
477,Circle,CenterX,97.5372,CenterY,374.161,Radius,66.331
478,Square,CenterX,103.264,CenterY,380.346,Side Length,56.4664,Orienation,2.55346
479,Equilateral Triangle,CenterX,453.729,CenterY,10.2172,Side Length,27.7072,Orienation,1.8481
480,Polygon,X0,493.386,Y0,68.3795,X1,466.053,Y1,414.523,X2,112.491,Y2,461.451,X3,10.032,Y3,260.506,X4,9.46125,Y4,181.998,X5,493.386,Y5,68.3795
481,Ellipse,CenterX,22.2834,CenterY,466.66,R1,10.2337,R2,39.7078,Orienation,3.10075
482,Ellipse,CenterX,187.334,CenterY,321.311,R1,6.60217,R2,35.4626,Orienation,0.900472
483,Circle,CenterX,440.068,CenterY,272.315,Radius,89.8143
484,Polygon,X0,318.974,Y0,34.9106,X1,410.666,Y1,47.3668,X2,436.53,Y2,98.6272,X3,294.98,Y3,254.775,X4,156.163,Y4,399.203,X5,26.3598,Y5,488.938,X6,140.692,Y6,105.515,X7,173.507,Y7,64.331,X8,318.974,Y8,34.9106
485,Circle,CenterX,474.296,CenterY,347.887,Radius,58.5732
486,Ellipse,CenterX,30.131,CenterY,24.8185,R1,4.91052,R2,31.711,Orienation,1.28191
487,Equilateral Triangle,CenterX,243.638,CenterY,313.296,Side Length,86.6136,Orienation,0.133589
488,Ellipse,CenterX,10.5413,CenterY,274.872,R1,27.5288,R2,46.3125,Orienation,3.61051
489,Ellipse,CenterX,145.028,CenterY,357.923,R1,11.7023,R2,45.9801,Orienation,1.29991
490,Circle,CenterX,257.236,CenterY,81.6069,Radius,21.3722
491,Polygon,X0,371.029,Y0,61.7021,X1,481.071,Y1,222.575,X2,492.909,Y2,437.987,X3,470.587,Y3,479,X4,72.3649,Y4,431.414,X5,106.288,Y5,280.131,X6,215.122,Y6,99.0411,X7,371.029,Y7,61.7021
492,Circle,CenterX,473.946,CenterY,379.315,Radius,1.27859
493,Circle,CenterX,310.905,CenterY,218.506,Radius,53.129
494,Circle,CenterX,275.321,CenterY,316.16,Radius,48.9663
495,Equilateral Triangle,CenterX,351.426,CenterY,228.928,Side Length,20.2247,Orienation,4.28063
496,Ellipse,CenterX,447.043,CenterY,424.81,R1,42.5357,R2,11.961,Orienation,4.39556
497,Equilateral Triangle,CenterX,185.791,CenterY,251.464,Side Length,46.8939,Orienation,0.236733
498,Polygon,X0,222.716,Y0,20.6192,X1,427.934,Y1,33.814,X2,468.547,Y2,97.0422,X3,406.337,Y3,413.686,X4,145.675,Y4,439.895,X5,40.1974,Y5,432.621,X6,34.46,Y6,145.944,X7,56.5848,Y7,28.1735,X8,222.716,Y8,20.6192
499,Circle,CenterX,48.9149,CenterY,284.362,Radius,5.77663
500,Circle,CenterX,258.805,CenterY,227.569,Radius,62.5819
